<?xml version="1.0" encoding="UTF-8" ?>
<!--
 Licensed to the Apache Software Foundation (ASF) under one or more
 contributor license agreements.  See the NOTICE file distributed with
 this work for additional information regarding copyright ownership.
 The ASF licenses this file to You under the Apache License, Version 2.0
 (the "License"); you may not use this file except in compliance with
 the License.  You may obtain a copy of the License at

     http://www.apache.org/licenses/LICENSE-2.0

 Unless required by applicable law or agreed to in writing, software
 distributed under the License is distributed on an "AS IS" BASIS,
 WITHOUT WARRANTIES OR CONDITIONS OF ANY KIND, either express or implied.
 See the License for the specific language governing permissions and
 limitations under the License.
-->

<!--
 This is the Solr schema file. This file should be named "schema.xml" and
 should be in the conf directory under the solr home
 (i.e. ./solr/conf/schema.xml by default)
 or located where the classloader for the Solr webapp can find it.

 This example schema is the recommended starting point for users.
 It should be kept correct and concise, usable out-of-the-box.

 For more information, on how to customize this file, please see
 http://wiki.apache.org/solr/SchemaXml

 PERFORMANCE NOTE: this schema includes many optional features and should not
 be used for benchmarking.  To improve performance one could
  - set stored="false" for all fields possible (esp large fields) when you
    only need to search on the field but don't need to return the original
    value.
  - set indexed="false" if you don't need to search on the field, but only
    return the field as a result of searching on other indexed fields.
  - remove all unneeded copyField statements
  - for best index size and searching performance, set "index" to false
    for all general text fields, use copyField to copy them to the
    catchall "text" field, and use that for searching.
  - For maximum indexing performance, use the StreamingUpdateSolrServer
    java client.
  - Remember to run the JVM in server mode, and use a higher logging level
    that avoids logging every request
-->

<schema name="Blacklight Demo Index" version="1.5">
  <!-- attribute "name" is the name of this schema and is only used for display purposes.
       Applications should change this to reflect the nature of the search collection.
       version="1.4" is Solr's version number for the schema syntax and semantics.  It should
       not normally be changed by applications.
       1.0: multiValued attribute did not exist, all fields are multiValued by nature
       1.1: multiValued attribute introduced, false by default
       1.2: omitTermFreqAndPositions attribute introduced, true by default except for text fields.
       1.3: removed optional field compress feature
       1.4: default auto-phrase (QueryParser feature) to off
     -->

  <!--
    Absolute scores have gone down as of solr 8.0, and our weighting was not longer
      accurate to make our tests pass. See:
      * https://lucene.apache.org/solr/guide/8_0/major-changes-in-solr-8.html#schema-changes-in-8-0
      * https://lucene.apache.org/solr/guide/8_0/other-schema-elements.html#similarity
      * https://github.com/pulibrary/orangelight/issues/1958
  -->
  <similarity class="solr.BM25SimilarityFactory"/>

  <types>
    <!-- field type definitions. The "name" attribute is
       just a label to be used by field definitions.  The "class"
       attribute and any other attributes determine the real
       behavior of the fieldType.
         Class names starting with "solr" refer to java classes in the
       org.apache.solr.analysis package.
    -->

    <!-- The StrField type is not analyzed, but indexed/stored verbatim. -->
    <fieldType name="string" class="solr.StrField" sortMissingLast="true" omitNorms="true"/>

    <!-- boolean type: "true" or "false" -->
    <fieldType name="boolean" class="solr.BoolField" sortMissingLast="true" omitNorms="true"/>
    <!--Binary data type. The data should be sent/retrieved in as Base64 encoded Strings -->
    <fieldtype name="binary" class="solr.BinaryField"/>

    <!-- The optional sortMissingLast and sortMissingFirst attributes are
         currently supported on types that are sorted internally as strings
         and on numeric types.
         This includes "string","boolean", and, as of 3.5 (and 4.x),
         int, float, long, date, double, including the "Trie" variants.
       - If sortMissingLast="true", then a sort on this field will cause documents
         without the field to come after documents with the field,
         regardless of the requested sort order (asc or desc).
       - If sortMissingFirst="true", then a sort on this field will cause documents
         without the field to come before documents with the field,
         regardless of the requested sort order.
       - If sortMissingLast="false" and sortMissingFirst="false" (the default),
         then default lucene sorting will be used which places docs without the
         field first in an ascending sort and last in a descending sort.
    -->

    <!--
      Numeric field types that index values using KD-trees.
      Point fields don't support FieldCache, so they must have docValues="true" if needed for sorting, faceting, functions, etc.
    -->
    <fieldType name="pint" class="solr.IntPointField" docValues="true"/>
    <fieldType name="pfloat" class="solr.FloatPointField" docValues="true"/>
    <fieldType name="plong" class="solr.LongPointField" docValues="true"/>
    <fieldType name="pdouble" class="solr.DoublePointField" docValues="true"/>

    <!-- The format for this date field is of the form 1995-12-31T23:59:59Z, and
         is a more restricted form of the canonical representation of dateTime
         http://www.w3.org/TR/xmlschema-2/#dateTime
         The trailing "Z" designates UTC time and is mandatory.
         Optional fractional seconds are allowed: 1995-12-31T23:59:59.999Z
         All other components are mandatory.

         Expressions can also be used to denote calculations that should be
         performed relative to "NOW" to determine the value, ie...

               NOW/HOUR
                  ... Round to the start of the current hour
               NOW-1DAY
                  ... Exactly 1 day prior to now
               NOW/DAY+6MONTHS+3DAYS
                  ... 6 months and 3 days in the future from the start of
                      the current day

         Consult the DateField javadocs for more information.

         Note: For faster range queries, consider the pdate type
      -->

    <!-- KD-tree versions of date fields -->
    <fieldType name="pdate" class="solr.DatePointField" docValues="true"/>


    <!--
      Note:
      These should only be used for compatibility with existing indexes (created with older Solr versions)
      or if "sortMissingFirst" or "sortMissingLast" functionality is needed. Use Trie based fields instead.

      Plain numeric field types that store and index the text
      value verbatim (and hence don't support range queries, since the
      lexicographic ordering isn't equal to the numeric ordering)
    -->


    <!-- The "RandomSortField" is not used to store or search any
         data.  You can declare fields of this type it in your schema
         to generate pseudo-random orderings of your docs for sorting
         purposes.  The ordering is generated based on the field name
         and the version of the index, As long as the index version
         remains unchanged, and the same field name is reused,
         the ordering of the docs will be consistent.
         If you want different psuedo-random orderings of documents,
         for the same version of the index, use a dynamicField and
         change the name
     -->
    <fieldType name="random" class="solr.RandomSortField" indexed="true" />

    <!-- solr.TextField allows the specification of custom text analyzers
         specified as a tokenizer and a list of token filters. Different
         analyzers may be specified for indexing and querying.

         The optional positionIncrementGap puts space between multiple fields of
         this type on the same document, with the purpose of preventing false phrase
         matching across fields.

         For more info on customizing your analyzer chain, please see
         http://wiki.apache.org/solr/AnalyzersTokenizersTokenFilters
     -->
     <fieldType name="text" class="solr.TextField" positionIncrementGap="100">
       <analyzer>
         <tokenizer name="standard" />
         <filter name="icuFolding" />
         <filter name="wordDelimiterGraph" catenateAll="1" preserveOriginal="1"/>
         <filter name="flattenGraph"/>
         <filter name="snowballPorter" language="English" protected="protwords.txt"/>
       </analyzer>
     </fieldType>

     <fieldType name="descendent_path" class="solr.TextField">
       <analyzer type="index">
         <tokenizer name="pathHierarchy" delimiter="—" />
       </analyzer>
       <analyzer type="query">
         <tokenizer name="keyword" />
       </analyzer>
     </fieldType>

     <fieldType name="author" class="solr.TextField">
       <analyzer>
          <!-- Filters for individual characters -->
          <charFilter name="patternReplace" pattern="[ʹ’՚Ꞌꞌ']" replacement="" />
          <charFilter name="patternReplace" pattern="\p{Punct}" replacement="" />
          <charFilter name="patternReplace" pattern="\s+" replacement=" " />
          <!-- Tokenize the string -->
          <tokenizer name="standard"/>
          <!-- Remove trailing and leading spaces -->
          <filter name="trim"/>
          <!-- Handle non-Latin orthographies -->
          <filter name="icuFolding" />
       </analyzer>
     </fieldType>

    <fieldType name="text_lr" class="solr.TextField" positionIncrementGap="100">
      <analyzer type="index">
        <charFilter name="patternReplace" pattern="^(.*)$" replacement="AAAA $1 ZZZZ" />
        <tokenizer name="standard"/>
        <filter name="synonymGraph" synonyms="synonyms.txt" ignoreCase="true" expand="true"/>
        <filter name="flattenGraph"/>
        <charFilter name="patternReplace" pattern="０" replacement="〇" />
        <charFilter name="patternReplace" pattern="([\p{InHangul_Jamo}\p{InHangul_Compatibility_Jamo}\p{InHangul_Syllables}][\p{InBopomofo}\p{InBopomofo_Extended}\p{InCJK_Compatibility}\p{InCJK_Compatibility_Forms}\p{InCJK_Compatibility_Ideographs}\p{InCJK_Compatibility_Ideographs_Supplement}\p{InCJK_Radicals_Supplement}\p{InCJK_Symbols_And_Punctuation}\p{InCJK_Unified_Ideographs}\p{InCJK_Unified_Ideographs_Extension_A}\p{InCJK_Unified_Ideographs_Extension_B}\p{InKangxi_Radicals}\p{InHalfwidth_And_Fullwidth_Forms}\p{InIdeographic_Description_Characters}]*)\s+(?=[\p{InHangul_Jamo}\p{InHangul_Compatibility_Jamo}\p{InHangul_Syllables}\p{InBopomofo}\p{InBopomofo_Extended}\p{InCJK_Compatibility}\p{InCJK_Compatibility_Forms}\p{InCJK_Compatibility_Ideographs}\p{InCJK_Compatibility_Ideographs_Supplement}\p{InCJK_Radicals_Supplement}\p{InCJK_Symbols_And_Punctuation}\p{InCJK_Unified_Ideographs}\p{InCJK_Unified_Ideographs_Extension_A}\p{InCJK_Unified_Ideographs_Extension_B}\p{InKangxi_Radicals}\p{InHalfwidth_And_Fullwidth_Forms}\p{InIdeographic_Description_Characters}])" replacement="$1"/>
          <!-- a korean char guaranteed at the end of the pattern:    pattern="([\p{Hangul}\p{Han}])\s+(?=[\p{Han}\s]*\p{Hangul})" -->
        <charFilter name="patternReplace" pattern="([\p{InHangul_Jamo}\p{InHangul_Compatibility_Jamo}\p{InHangul_Syllables}\p{InBopomofo}\p{InBopomofo_Extended}\p{InCJK_Compatibility}\p{InCJK_Compatibility_Forms}\p{InCJK_Compatibility_Ideographs}\p{InCJK_Compatibility_Ideographs_Supplement}\p{InCJK_Radicals_Supplement}\p{InCJK_Symbols_And_Punctuation}\p{InCJK_Unified_Ideographs}\p{InCJK_Unified_Ideographs_Extension_A}\p{InCJK_Unified_Ideographs_Extension_B}\p{InKangxi_Radicals}\p{InHalfwidth_And_Fullwidth_Forms}\p{InIdeographic_Description_Characters}])\s+(?=[\p{InBopomofo}\p{InBopomofo_Extended}\p{InCJK_Compatibility}\p{InCJK_Compatibility_Forms}\p{InCJK_Compatibility_Ideographs}\p{InCJK_Compatibility_Ideographs_Supplement}\p{InCJK_Radicals_Supplement}\p{InCJK_Symbols_And_Punctuation}\p{InCJK_Unified_Ideographs}\p{InCJK_Unified_Ideographs_Extension_A}\p{InCJK_Unified_Ideographs_Extension_B}\p{InKangxi_Radicals}\p{InHalfwidth_And_Fullwidth_Forms}\p{InIdeographic_Description_Characters}\s]*[\p{InHangul_Jamo}\p{InHangul_Compatibility_Jamo}\p{InHangul_Syllables}])" replacement="$1"/>
        <filter name="cjkWidth"/>
        <filter class="edu.stanford.lucene.analysis.CJKFoldingFilterFactory"/>
        <filter name="icuTransform" id="Traditional-Simplified"/>
        <filter name="icuTransform" id="Katakana-Hiragana"/>
        <filter name="icuFolding"/>   <!-- NFKC, case folding, diacritics removed -->
        <filter name="patternReplace" pattern="(\p{Punct})" replacement="" replace="all" />
        <filter name="trim"/>
      </analyzer>
      <analyzer type="query">
        <charFilter name="patternReplace" pattern="^(.*)$" replacement="AAAA $1 ZZZZ" />
        <tokenizer name="standard"/>
        <filter name="synonymGraph" synonyms="synonyms.txt" ignoreCase="true" expand="true"/>
        <charFilter name="patternReplace" pattern="０" replacement="〇" />
        <charFilter name="patternReplace" pattern="([\p{InHangul_Jamo}\p{InHangul_Compatibility_Jamo}\p{InHangul_Syllables}][\p{InBopomofo}\p{InBopomofo_Extended}\p{InCJK_Compatibility}\p{InCJK_Compatibility_Forms}\p{InCJK_Compatibility_Ideographs}\p{InCJK_Compatibility_Ideographs_Supplement}\p{InCJK_Radicals_Supplement}\p{InCJK_Symbols_And_Punctuation}\p{InCJK_Unified_Ideographs}\p{InCJK_Unified_Ideographs_Extension_A}\p{InCJK_Unified_Ideographs_Extension_B}\p{InKangxi_Radicals}\p{InHalfwidth_And_Fullwidth_Forms}\p{InIdeographic_Description_Characters}]*)\s+(?=[\p{InHangul_Jamo}\p{InHangul_Compatibility_Jamo}\p{InHangul_Syllables}\p{InBopomofo}\p{InBopomofo_Extended}\p{InCJK_Compatibility}\p{InCJK_Compatibility_Forms}\p{InCJK_Compatibility_Ideographs}\p{InCJK_Compatibility_Ideographs_Supplement}\p{InCJK_Radicals_Supplement}\p{InCJK_Symbols_And_Punctuation}\p{InCJK_Unified_Ideographs}\p{InCJK_Unified_Ideographs_Extension_A}\p{InCJK_Unified_Ideographs_Extension_B}\p{InKangxi_Radicals}\p{InHalfwidth_And_Fullwidth_Forms}\p{InIdeographic_Description_Characters}])" replacement="$1"/>
          <!-- a korean char guaranteed at the end of the pattern:    pattern="([\p{Hangul}\p{Han}])\s+(?=[\p{Han}\s]*\p{Hangul})" -->
        <charFilter name="patternReplace" pattern="([\p{InHangul_Jamo}\p{InHangul_Compatibility_Jamo}\p{InHangul_Syllables}\p{InBopomofo}\p{InBopomofo_Extended}\p{InCJK_Compatibility}\p{InCJK_Compatibility_Forms}\p{InCJK_Compatibility_Ideographs}\p{InCJK_Compatibility_Ideographs_Supplement}\p{InCJK_Radicals_Supplement}\p{InCJK_Symbols_And_Punctuation}\p{InCJK_Unified_Ideographs}\p{InCJK_Unified_Ideographs_Extension_A}\p{InCJK_Unified_Ideographs_Extension_B}\p{InKangxi_Radicals}\p{InHalfwidth_And_Fullwidth_Forms}\p{InIdeographic_Description_Characters}])\s+(?=[\p{InBopomofo}\p{InBopomofo_Extended}\p{InCJK_Compatibility}\p{InCJK_Compatibility_Forms}\p{InCJK_Compatibility_Ideographs}\p{InCJK_Compatibility_Ideographs_Supplement}\p{InCJK_Radicals_Supplement}\p{InCJK_Symbols_And_Punctuation}\p{InCJK_Unified_Ideographs}\p{InCJK_Unified_Ideographs_Extension_A}\p{InCJK_Unified_Ideographs_Extension_B}\p{InKangxi_Radicals}\p{InHalfwidth_And_Fullwidth_Forms}\p{InIdeographic_Description_Characters}\s]*[\p{InHangul_Jamo}\p{InHangul_Compatibility_Jamo}\p{InHangul_Syllables}])" replacement="$1"/>
        <filter name="cjkWidth"/>
        <filter class="edu.stanford.lucene.analysis.CJKFoldingFilterFactory"/>
        <filter name="icuTransform" id="Traditional-Simplified"/>
        <filter name="icuTransform" id="Katakana-Hiragana"/>
        <filter name="icuFolding"/>   <!-- NFKC, case folding, diacritics removed -->
        <filter name="patternReplace" pattern="(\p{Punct})" replacement="" replace="all" />
        <filter name="trim"/>
      </analyzer>
    </fieldType>

     <fieldType name="title_l" class="solr.TextField" positionIncrementGap="100" >
       <analyzer>
          <!-- Filters for individual characters -->
          <charFilter name="patternReplace" pattern="[ʹ’՚Ꞌꞌ']" replacement="" />
          <charFilter name="patternReplace" pattern="\p{Punct}" replacement="" />
          <charFilter name="patternReplace" pattern="\s+" replacement=" " />
          <!-- Tokenize the string -->
          <tokenizer name="keyword" />
          <!-- Remove trailing and leading spaces -->
          <filter name="trim"/>
          <!-- Handle non-Latin orthographies -->
          <filter name="icuFolding" />
          <charFilter name="patternReplace" pattern="０" replacement="〇" />
          <charFilter name="patternReplace" pattern="([\p{InHangul_Jamo}\p{InHangul_Compatibility_Jamo}\p{InHangul_Syllables}][\p{InBopomofo}\p{InBopomofo_Extended}\p{InCJK_Compatibility}\p{InCJK_Compatibility_Forms}\p{InCJK_Compatibility_Ideographs}\p{InCJK_Compatibility_Ideographs_Supplement}\p{InCJK_Radicals_Supplement}\p{InCJK_Symbols_And_Punctuation}\p{InCJK_Unified_Ideographs}\p{InCJK_Unified_Ideographs_Extension_A}\p{InCJK_Unified_Ideographs_Extension_B}\p{InKangxi_Radicals}\p{InHalfwidth_And_Fullwidth_Forms}\p{InIdeographic_Description_Characters}]*)\s+(?=[\p{InHangul_Jamo}\p{InHangul_Compatibility_Jamo}\p{InHangul_Syllables}\p{InBopomofo}\p{InBopomofo_Extended}\p{InCJK_Compatibility}\p{InCJK_Compatibility_Forms}\p{InCJK_Compatibility_Ideographs}\p{InCJK_Compatibility_Ideographs_Supplement}\p{InCJK_Radicals_Supplement}\p{InCJK_Symbols_And_Punctuation}\p{InCJK_Unified_Ideographs}\p{InCJK_Unified_Ideographs_Extension_A}\p{InCJK_Unified_Ideographs_Extension_B}\p{InKangxi_Radicals}\p{InHalfwidth_And_Fullwidth_Forms}\p{InIdeographic_Description_Characters}])" replacement="$1"/>
          <!-- a korean char guaranteed at the end of the pattern:    pattern="([\p{Hangul}\p{Han}])\s+(?=[\p{Han}\s]*\p{Hangul})" -->
          <charFilter name="patternReplace" pattern="([\p{InHangul_Jamo}\p{InHangul_Compatibility_Jamo}\p{InHangul_Syllables}\p{InBopomofo}\p{InBopomofo_Extended}\p{InCJK_Compatibility}\p{InCJK_Compatibility_Forms}\p{InCJK_Compatibility_Ideographs}\p{InCJK_Compatibility_Ideographs_Supplement}\p{InCJK_Radicals_Supplement}\p{InCJK_Symbols_And_Punctuation}\p{InCJK_Unified_Ideographs}\p{InCJK_Unified_Ideographs_Extension_A}\p{InCJK_Unified_Ideographs_Extension_B}\p{InKangxi_Radicals}\p{InHalfwidth_And_Fullwidth_Forms}\p{InIdeographic_Description_Characters}])\s+(?=[\p{InBopomofo}\p{InBopomofo_Extended}\p{InCJK_Compatibility}\p{InCJK_Compatibility_Forms}\p{InCJK_Compatibility_Ideographs}\p{InCJK_Compatibility_Ideographs_Supplement}\p{InCJK_Radicals_Supplement}\p{InCJK_Symbols_And_Punctuation}\p{InCJK_Unified_Ideographs}\p{InCJK_Unified_Ideographs_Extension_A}\p{InCJK_Unified_Ideographs_Extension_B}\p{InKangxi_Radicals}\p{InHalfwidth_And_Fullwidth_Forms}\p{InIdeographic_Description_Characters}\s]*[\p{InHangul_Jamo}\p{InHangul_Compatibility_Jamo}\p{InHangul_Syllables}])" replacement="$1"/>
          <filter name="cjkWidth"/>
          <filter class="edu.stanford.lucene.analysis.CJKFoldingFilterFactory"/>
          <filter name="icuTransform" id="Traditional-Simplified"/>
          <filter name="icuTransform" id="Katakana-Hiragana"/>
       </analyzer>
     </fieldType>

    <!-- One can also specify an existing Analyzer class that has a
         default constructor via the class attribute on the analyzer element
    <fieldType name="text_greek" class="solr.TextField">
      <analyzer class="org.apache.lucene.analysis.el.GreekAnalyzer"/>
    </fieldType>
    -->

    <!-- A text field that only splits on whitespace for exact matching of words -->
    <fieldType name="text_ws" class="solr.TextField" positionIncrementGap="100">
      <analyzer>
        <tokenizer name="whitespace"/>
      </analyzer>
    </fieldType>

    <!-- A general text field that has reasonable, generic
         cross-language defaults: it tokenizes with StandardTokenizer,
   removes stop words from case-insensitive "stopwords.txt"
   (empty by default), and down cases.  At query time only, it
   also applies synonyms. -->
    <fieldType name="text_general" class="solr.TextField" positionIncrementGap="100">
      <analyzer type="index">
        <tokenizer name="standard"/>
        <filter name="icuFolding" />
        <filter name="lowercase"/>
      </analyzer>
      <analyzer type="query">
        <tokenizer name="standard"/>
        <filter name="icuFolding" />
        <filter name="synonymGraph" synonyms="synonyms.txt" ignoreCase="true" expand="true"/>
        <filter name="lowercase"/>
      </analyzer>
    </fieldType>

    <fieldType name="textSpell" class="solr.TextField" positionIncrementGap="100" >
      <analyzer>
        <tokenizer name="standard"/>
        <filter name="stop" ignoreCase="true" words="stopwords.txt"/>
        <filter name="lowercase"/>
        <filter name="removeDuplicates"/>
      </analyzer>
    </fieldType>

    <!-- Based on Stanford's text_cjk field: https://github.com/sul-dlss/solrmarc-sw/blob/master/stanford-sw/solr/conf/schema.xml -->
    <fieldtype name="text_cjk" class="solr.TextField" positionIncrementGap="10000" autoGeneratePhraseQueries="false">
     <analyzer>
        <!-- remove spaces among hangul and han chars if there is at least one hangul char -->
        <!-- a korean char guaranteed at the start of the pattern:  pattern="(\p{Hangul}\p{Han}*)\s+(?=[\p{Hangul}\p{Han}])" -->
        <charFilter name="patternReplace" pattern="０" replacement="〇" />
        <charFilter name="patternReplace" pattern="([\p{InHangul_Jamo}\p{InHangul_Compatibility_Jamo}\p{InHangul_Syllables}][\p{InBopomofo}\p{InBopomofo_Extended}\p{InCJK_Compatibility}\p{InCJK_Compatibility_Forms}\p{InCJK_Compatibility_Ideographs}\p{InCJK_Compatibility_Ideographs_Supplement}\p{InCJK_Radicals_Supplement}\p{InCJK_Symbols_And_Punctuation}\p{InCJK_Unified_Ideographs}\p{InCJK_Unified_Ideographs_Extension_A}\p{InCJK_Unified_Ideographs_Extension_B}\p{InKangxi_Radicals}\p{InHalfwidth_And_Fullwidth_Forms}\p{InIdeographic_Description_Characters}]*)\s+(?=[\p{InHangul_Jamo}\p{InHangul_Compatibility_Jamo}\p{InHangul_Syllables}\p{InBopomofo}\p{InBopomofo_Extended}\p{InCJK_Compatibility}\p{InCJK_Compatibility_Forms}\p{InCJK_Compatibility_Ideographs}\p{InCJK_Compatibility_Ideographs_Supplement}\p{InCJK_Radicals_Supplement}\p{InCJK_Symbols_And_Punctuation}\p{InCJK_Unified_Ideographs}\p{InCJK_Unified_Ideographs_Extension_A}\p{InCJK_Unified_Ideographs_Extension_B}\p{InKangxi_Radicals}\p{InHalfwidth_And_Fullwidth_Forms}\p{InIdeographic_Description_Characters}])" replacement="$1"/>
        <!-- a korean char guaranteed at the end of the pattern:    pattern="([\p{Hangul}\p{Han}])\s+(?=[\p{Han}\s]*\p{Hangul})" -->
        <charFilter name="patternReplace" pattern="([\p{InHangul_Jamo}\p{InHangul_Compatibility_Jamo}\p{InHangul_Syllables}\p{InBopomofo}\p{InBopomofo_Extended}\p{InCJK_Compatibility}\p{InCJK_Compatibility_Forms}\p{InCJK_Compatibility_Ideographs}\p{InCJK_Compatibility_Ideographs_Supplement}\p{InCJK_Radicals_Supplement}\p{InCJK_Symbols_And_Punctuation}\p{InCJK_Unified_Ideographs}\p{InCJK_Unified_Ideographs_Extension_A}\p{InCJK_Unified_Ideographs_Extension_B}\p{InKangxi_Radicals}\p{InHalfwidth_And_Fullwidth_Forms}\p{InIdeographic_Description_Characters}])\s+(?=[\p{InBopomofo}\p{InBopomofo_Extended}\p{InCJK_Compatibility}\p{InCJK_Compatibility_Forms}\p{InCJK_Compatibility_Ideographs}\p{InCJK_Compatibility_Ideographs_Supplement}\p{InCJK_Radicals_Supplement}\p{InCJK_Symbols_And_Punctuation}\p{InCJK_Unified_Ideographs}\p{InCJK_Unified_Ideographs_Extension_A}\p{InCJK_Unified_Ideographs_Extension_B}\p{InKangxi_Radicals}\p{InHalfwidth_And_Fullwidth_Forms}\p{InIdeographic_Description_Characters}\s]*[\p{InHangul_Jamo}\p{InHangul_Compatibility_Jamo}\p{InHangul_Syllables}])" replacement="$1"/>
        <charFilter class="edu.stanford.lucene.analysis.ICUCustomTransformCharFilterFactory" id="edu/stanford/lucene/analysis/stanford_cjk_transliterations.txt" />
        <charFilter class="edu.stanford.lucene.analysis.ICUTransformCharFilterFactory" id="Traditional-Simplified" />
        <charFilter class="edu.stanford.lucene.analysis.ICUTransformCharFilterFactory" id="Katakana-Hiragana" />
        <charFilter name="patternReplace"
          pattern="([\p{InHiragana}\p{InKatakana}\p{InKatakana_Phonetic_Extensions}])([^\p{InHiragana}\p{InKatakana}\p{InKatakana_Phonetic_Extensions}])"
          replacement="$1 $2"
        />
        <tokenizer name="icu" />
        <filter name="cjkWidth"/>
        <filter name="icuFolding"/>   <!-- NFKC, case folding, diacritics removed -->
        <filter name="cjkBigram" han="false" hiragana="false" katakana="false" hangul="true" outputUnigrams="true" />
      </analyzer>
    </fieldtype>

    <fieldType name="lccn" class="solr.TextField">
      <analyzer type="index">
        <tokenizer name="keyword"/>
      </analyzer>
      <analyzer type="query">
        <tokenizer name="keyword"/>
        <filter class="edu.umich.lib.solr_filters.LCCNNormalizerFilterFactory"/>
        <filter name="patternReplace" pattern="([\p{Punct}])" replacement=""/>
        <filter name="length" min="1" max="100"/>
      </analyzer>
    </fieldType>

    <fieldType name="isbn" class="solr.TextField">
      <analyzer type="index">
        <tokenizer name="keyword"/>
      </analyzer>
      <analyzer type="query">
        <tokenizer name="pattern" pattern="[;,]\s*" />
        <filter class="edu.umich.lib.solr_filters.ISBNNormalizerFilterFactory"/>
        <filter name="patternReplace" pattern="([\p{Punct}])" replacement=""/>
        <filter name="length" min="1" max="100"/>
      </analyzer>
    </fieldType>

    <!-- This is an example of using the KeywordTokenizer along
         With various TokenFilterFactories to produce a sortable field
         that does not include some properties of the source text
      -->
    <fieldType name="alphaOnlySort" class="solr.TextField" sortMissingLast="true" omitNorms="true">
      <analyzer>
        <!-- KeywordTokenizer does no actual tokenizing, so the entire
             input string is preserved as a single token
          -->
        <tokenizer name="keyword"/>
        <!-- The LowerCase TokenFilter does what you expect, which can be
             when you want your sorting to be case insensitive
          -->
        <filter name="lowercase" />
        <!-- The TrimFilter removes any leading or trailing whitespace -->
        <filter name="trim" />
        <!-- The PatternReplaceFilter gives you the flexibility to use
             Java Regular expression to replace any sequence of characters
             matching a pattern with an arbitrary replacement string,
             which may include back references to portions of the original
             string matched by the pattern.

             See the Java Regular Expression documentation for more
             information on pattern and replacement string syntax.

             http://java.sun.com/j2se/1.5.0/docs/api/java/util/regex/package-summary.html
          -->
        <filter name="patternReplace" pattern="([^a-z])" replacement="" replace="all" />
      </analyzer>
    </fieldType>

    <fieldType name="alphaNumSort" class="solr.TextField" sortMissingLast="true" omitNorms="true">
      <analyzer type="index">
        <!-- KeywordTokenizer does no actual tokenizing, so the entire
             input string is preserved as a single token
          -->
        <tokenizer name="keyword"/>
        <!-- The LowerCase TokenFilter does what you expect, which can be
             when you want your sorting to be case insensitive
          -->
        <filter name="lowercase" />
        <!-- The TrimFilter removes any leading or trailing whitespace -->
        <filter name="trim" />
        <!-- The PatternReplaceFilter gives you the flexibility to use
             Java Regular expression to replace any sequence of characters
             matching a pattern with an arbitrary replacement string,
             which may include back references to portions of the original
             string matched by the pattern.

             See the Java Regular Expression documentation for more
             information on pattern and replacement string syntax.

             http://java.sun.com/j2se/1.5.0/docs/api/java/util/regex/package-summary.html
          -->
        <filter name="patternReplace" pattern="([^a-z0-9])" replacement="" replace="all" />
      </analyzer>
      <analyzer type="query">
        <tokenizer name="keyword"/>
        <filter name="lowercase" />
        <filter name="trim" />
        <filter name="patternReplace" pattern="([^a-z0-9])" replacement="" replace="all" />
        <filter name="length" min="1" max="100"/>
      </analyzer>
    </fieldType>

    <fieldtype name="phonetic" stored="false" indexed="true" class="solr.TextField" >
      <analyzer>
        <tokenizer name="standard"/>
        <filter name="doubleMetaphone" inject="false"/>
      </analyzer>
    </fieldtype>

    <fieldtype name="payloads" stored="false" indexed="true" class="solr.TextField" >
      <analyzer>
        <tokenizer name="whitespace"/>
        <!--
        The DelimitedPayloadTokenFilter can put payloads on tokens... for example,
        a token of "foo|1.4"  would be indexed as "foo" with a payload of 1.4f
        Attributes of the DelimitedPayloadTokenFilterFactory :
         "delimiter" - a one character delimiter. Default is | (pipe)
   "encoder" - how to encode the following value into a playload
      float -> org.apache.lucene.analysis.payloads.FloatEncoder,
      integer -> o.a.l.a.p.IntegerEncoder
      identity -> o.a.l.a.p.IdentityEncoder
            Fully Qualified class name implementing PayloadEncoder, Encoder must have a no arg constructor.
         -->
        <filter name="delimitedPayload" encoder="float"/>
      </analyzer>
    </fieldtype>

    <!-- lowercases the entire field value, keeping it as a single token.  -->
    <fieldType name="lowercase" class="solr.TextField" positionIncrementGap="100">
      <analyzer>
        <tokenizer name="keyword"/>
        <filter name="lowercase" />
      </analyzer>
    </fieldType>

    <fieldType name="text_path" class="solr.TextField" positionIncrementGap="100">
      <analyzer>
        <tokenizer name="pathHierarchy"/>
      </analyzer>
    </fieldType>

    <!-- since fields of this type are by default not stored or indexed,
         any data added to them will be ignored outright.  -->
    <fieldtype name="ignored" stored="false" indexed="false" multiValued="true" class="solr.StrField" />

    <!-- This point type indexes the coordinates as separate fields (subFields)
      If subFieldType is defined, it references a type, and a dynamic field
      definition is created matching *___<typename>.  Alternately, if
      subFieldSuffix is defined, that is used to create the subFields.
      Example: if subFieldType="double", then the coordinates would be
        indexed in fields myloc_0___double,myloc_1___double.
      Example: if subFieldSuffix="_d" then the coordinates would be indexed
        in fields myloc_0_d,myloc_1_d
      The subFields are an implementation detail of the fieldType, and end
      users normally should not need to know about them.
     -->
    <fieldType name="point" class="solr.PointType" dimension="2" subFieldSuffix="_d"/>
 </types>


 <fields>
   <!-- Valid attributes for fields:
     name: mandatory - the name for the field
     type: mandatory - the name of a previously defined type from the
       <types> section
     indexed: true if this field should be indexed (searchable or sortable)
     stored: true if this field should be retrievable
     multiValued: true if this field may contain multiple values per document
     omitNorms: (expert) set to true to omit the norms associated with
       this field (this disables length normalization and index-time
       boosting for the field, and saves some memory).  Only full-text
       fields or fields that need an index-time boost need norms.
     termVectors: [false] set to true to store the term vector for a
       given field.
       When using MoreLikeThis, fields used for similarity should be
       stored for best performance.
     termPositions: Store position information with the term vector.
       This will increase storage costs.
     termOffsets: Store offset information with the term vector. This
       will increase storage costs.
     default: a value that should be used if no value is specified
       when adding a document.
   -->

   <!-- NOTE: this is not a full list of fields in the index; dynamic fields are also used -->
   <field name="id" type="string" indexed="true" stored="true" required="true" />
   <field name="timestamp" type="pdate" indexed="true" stored="true" default="NOW" multiValued="false"/>
   <!-- default, catch all search field -->
   <field name="text" type="text" indexed="true" stored="false" multiValued="true"/>

   <!-- these title-index display fields are NOT multi-valued -->
   <field name="title_display" type="text" indexed="true" stored="true" multiValued="false"/>
   <field name="title_vern_display" type="text" indexed="true" stored="true" multiValued="false"/>

   <!-- these fields are also used for display, so they must be stored -->
   <field name="isbn_t" type="isbn" indexed="true" stored="true" multiValued="true"/>
   <field name="lccn_s" type="lccn" indexed="true" stored="true" multiValued="true"/>
   <field name="issn_s" type="alphaNumSort" indexed="true" stored="true" multiValued="true"/>
   <field name="language_facet" type="string" indexed="true" stored="true" multiValued="true" />
   <field name="subject_facet" type="descendent_path" indexed="true" stored="true" multiValued="true" />
   <field name="subject_era_facet" type="string" indexed="true" stored="true" multiValued="true" />
   <field name="subject_geo_facet" type="string" indexed="true" stored="true" multiValued="true" />
   <!-- pub_date is used for facet and display so it must be indexed and stored -->
   <field name="pub_date" type="string" indexed="true" stored="true" multiValued="true"/>
   <field name="lc_subject_facet" type="string" indexed="true" stored="true" multiValued="true" />
   <field name="fast_subject_facet" type="string" indexed="true" stored="true" multiValued="true" />
   <field name="lcgft_genre_facet" type="string" indexed="true" stored="true" multiValued="true" />
   <field name="aat_genre_facet" type="string" indexed="true" stored="true" multiValued="true" />
   <field name="rbgenr_genre_facet" type="string" indexed="true" stored="true" multiValued="true" />
   <field name="homoit_genre_facet" type="string" indexed="true" stored="true" multiValued="true" />
   <field name="homoit_subject_facet" type="string" indexed="true" stored="true" multiValued="true" />
   <field name="local_subject_facet" type="string" indexed="true" stored="true" multiValued="true" />
   <field name="siku_subject_facet" type="string" indexed="true" stored="true" multiValued="true" />
   <field name="original_language_of_translation_facet" type="string" indexed="true" stored="true" multiValued="true" />
   <field name="author_int" type="author" indexed="true" stored="false" multiValued="true"/>
   <field name="title_sort" type="alphaNumSort" indexed="true" stored="false" />
    <!-- pub_date sort uses new trie-based int fields, which are recommended for any int and are displayable, sortable, and range-quer
   we use 'pint' for faster range-queries. -->
   <field name="pub_date_start_sort" type="pint" indexed="true" stored="true" multiValued="false"/>
   <field name="pub_date_end_sort" type="pint" indexed="true" stored="true" multiValued="false"/>

    <!-- format is used for facet, display, and choosing which partial to use for the show view, so it must be stored and indexed -->
   <field name="format" type="string" indexed="true" stored="true" multiValued="true"/>

   <field name="location" type="string" indexed="true" stored="true" multiValued="true"/>

    <!-- FIXME overriding dynamicField to avoid changing Solr Document field name for now -->
   <field name="standard_no_index" type="string" indexed="true" stored="false" multiValued="true" />
   <field name="uniform_title_s" type="text" indexed="true" stored="true" multiValued="true" />
   <field name="_version_" type="plong" indexed="true" stored="true" multiValued="false"/>

    <!-- Dynamic field definitions.  If a field name is not found, dynamicFields
        will be used if the name matches any of the patterns.
        RESTRICTION: the glob-like pattern in the name attribute must have
        a "*" only at the start or the end.
        EXAMPLE:  name="*_i" will match any field ending in _i (like myid_i, z_i)
        Longer patterns will be matched first.  if equal size patterns
        both match, the first appearing in the schema will be used.  -->
   <dynamicField name="*_s"  type="string"  indexed="true"  stored="true" multiValued="true"/>
   <dynamicField name="*_ssi" type="string" stored="true" indexed="true" multiValued="false"/>
   <dynamicField name="*_t"  type="text"    indexed="true"  stored="true" multiValued="true"/>
   <dynamicField name="*_txt" type="text_general"    indexed="true"  stored="true" multiValued="true"/>
   <dynamicField name="*_b"  type="boolean" indexed="true"  stored="true"/>
   <dynamicField name="*_la" type="title_l" indexed="true" stored="false" multiValued="true"/>
   <dynamicField name="*_lr" type="text_lr" indexed="true" stored="false" multiValued="true"/>

   <dynamicField name="cjk_*" type="text_cjk" stored="false" indexed="true" multiValued="true" />

    <!-- Type used to index the lat and lon components for the "location" FieldType -->
   <dynamicField name="*_coordinate"  type="pdouble" indexed="true"  stored="false"/>

    <!-- some trie-coded dynamic fields for faster range queries -->
   <dynamicField name="*_ti" type="pint"    indexed="true"  stored="true"/>
   <dynamicField name="*_tl" type="plong"   indexed="true"  stored="true"/>
   <dynamicField name="*_tf" type="pfloat"  indexed="true"  stored="true"/>
   <dynamicField name="*_td" type="pdouble" indexed="true"  stored="true"/>
   <dynamicField name="*_tdt" type="pdate"  indexed="true"  stored="true"/>


   <dynamicField name="ignored_*" type="ignored" multiValued="true"/>
   <dynamicField name="attr_*" type="text_general" indexed="true" stored="true" multiValued="true"/>

   <dynamicField name="random_*" type="random" />

   <dynamicField name="*_display" type="string" indexed="false" stored="true" multiValued="true" />
   <dynamicField name="*_1display" type="string" indexed="false" stored="true" multiValued="false" />
   <dynamicField name="*_facet" type="string" indexed="true" stored="false" multiValued="true" />
   <dynamicField name="*_index" type="text" indexed="true" stored="false" multiValued="true" />
   <dynamicField name="*_sort" type="alphaOnlySort" indexed="true" stored="false" />
   <dynamicField name="*_unstem_search" type="text_general" indexed="true" stored="false" multiValued="true" />
   <dynamicField name="*spell" type="textSpell" indexed="true" stored="false" multiValued="true" />

    <!-- uncomment the following to ignore any fields that don't already match an existing
        field name or dynamic field, rather than reporting them as an error.
        alternately, change the type="ignored" to some other type e.g. "text" if you want
        unknown fields indexed and/or stored by default -->
    <!--dynamicField name="*" type="ignored" multiValued="true" /-->

 </fields>

 <!-- Field to use to determine and enforce document uniqueness.
      Unless this field is marked with required="false", it will be a required field
   -->
 <uniqueKey>id</uniqueKey>

  <!-- copyField commands copy one field to another at the time a document
        is added to the index.  It's used either to index the same field differently,
        or to add multiple fields to the same field for easier/faster searching.  -->
   <!-- Copy Fields -->

   <!-- author keyword -->
   <copyField source="author_display" dest="author_main_unstem_search"/>
   <copyField source="author_s" dest="author_unstem_search"/>
   <copyField source="author_s" dest="author_int"/>

   <!-- publisher keyword -->
   <copyField source="pub_created_s" dest="pub_created_unstem_search"/>

   <!-- unstemmed fields -->
   <copyField source="title_display" dest="title_unstem_search"/>
   <copyField source="lcgft_s" dest="genre_unstem_search"/>
   <copyField source="aat_s" dest="genre_unstem_search"/>
   <copyField source="rbgenr_s" dest="genre_unstem_search"/>
   <copyField source="homoit_genre_s" dest="genre_unstem_search"/>
   <copyField source="subject_topic_facet" dest="subject_topic_unstem_search"/>


   <!-- sort fields -->
   <copyField source="pub_date" dest="pub_date_sort"/>

   <!-- left-anchored search fields -->
   <copyField source="title_a_index" dest="title_245a_la"/>
   <copyField source="title_a_index" dest="title_245a_lr"/>
   <copyField source="title_display" dest="title_245_la"/>
   <copyField source="title_display" dest="title_245_lr"/>
   <copyField source="title_vern_display" dest="title_245_la"/>
   <copyField source="title_vern_display" dest="title_245_lr"/>
   <copyField source="title_sort" dest="title_245_la"/>
   <copyField source="title_vern_sort" dest="title_245_la"/>
   <copyField source="title_no_h_index" dest="title_245_la"/>
   <copyField source="title_245_la" dest="title_245_lr"/>
   <copyField source="other_title_index" dest="title_la"/>
   <copyField source="series_title_index" dest="title_la"/>
   <copyField source="series_statement_index" dest="title_la"/>
   <copyField source="uniform_title_s" dest="title_la"/>
   <copyField source="title_la" dest="title_lr"/>
   <copyField source="content_title_index" dest="title_addl_la"/>
   <copyField source="contains_title_index" dest="title_addl_la"/>
   <copyField source="linked_title_index" dest="title_addl_la"/>
   <copyField source="linked_series_title_index" dest="title_addl_la"/>
   <copyField source="linked_series_index" dest="title_addl_la"/>
   <copyField source="series_ae_index" dest="title_addl_la"/>
   <copyField source="original_version_series_index" dest="title_addl_la"/>

   <copyField source="more_in_this_series_t" dest="more_in_this_series_la"/>

   <!-- advanced search fields cjk config -->
   <copyField source="pub_created_vern_display" dest="cjk_publisher"/>

  <!-- default, catch all search field -->
   <copyField source="id" dest="text"/>
   <copyField source="timestamp" dest="text"/>

   <!-- these fields are NOT multi-valued -->
   <copyField source="title_display" dest="text"/>
   <copyField source="title_vern_display" dest="text"/>

   <!-- these fields are also used for display, so they must be stored -->
   <copyField source="isbn_s" dest="isbn_t"/>
   <copyField source="isbn_s" dest="text"/>
   <copyField source="language_facet" dest="text"/>
   <copyField source="subject_era_facet" dest="text"/>
   <copyField source="subject_geo_facet" dest="text"/>
   <!-- pub_date is used for facet and display so it must be indexed and stored -->
   <copyField source="pub_date" dest="text"/>
   <!-- pub_date sort uses new trie-based int fields, which are recommended for any int and are displayable, sortable, and range-quer
   we use 'pint' for faster range-queries. -->
   <copyField source="pub_date_start_sort" dest="text"/>
   <copyField source="pub_date_end_sort" dest="text"/>

   <!-- format is used for facet, display, and choosing which partial to use for the show view, so it must be stored and indexed -->
   <copyField source="format" dest="text"/>

   <copyField source="location" dest="text"/>

   <!-- Dynamic field definitions.  If a field name is not found, dynamicFields
        will be used if the name matches any of the patterns.
        RESTRICTION: the glob-like pattern in the name attribute must have
        a "*" only at the start or the end.
        EXAMPLE:  name="*_i" will match any field ending in _i (like myid_i, z_i)
        Longer patterns will be matched first.  if equal size patterns
        both match, the first appearing in the schema will be used.  -->
   <copyField source="cjk_*" dest="text"/>
   <copyField source="*_i" dest="text"/>
   <copyField source="*_s" dest="text"/>
   <copyField source="*_index" dest="text"/>
   <copyField source="*_l" dest="text"/>
   <copyField source="*_t" dest="text"/>
   <copyField source="*_txt" dest="text"/>
   <copyField source="*_b" dest="text"/>
   <copyField source="*_f" dest="text"/>
   <copyField source="*_d" dest="text"/>


   <copyField source="*_coordinate" dest="text"/>

   <copyField source="*_dt" dest="text"/>
   <copyField source="*_p" dest="text"/>

   <copyField source="*_ti" dest="text"/>
   <copyField source="*_tl" dest="text"/>
   <copyField source="*_tf" dest="text"/>
   <copyField source="*_td" dest="text"/>
   <copyField source="*_tdt" dest="text"/>

   <copyField source="*_pi" dest="text"/>

   <copyField source="ignored_*" dest="text"/>
   <copyField source="attr_*" dest="text"/>

   <copyField source="random_*" dest="text"/>

   <copyField source="*_display" dest="text"/>
   <copyField source="*_facet" dest="text"/>
   <copyField source="*_sort" dest="text"/>
   <copyField source="*_unstem_search" dest="text"/>
   <copyField source="title_245_la" dest="text"/>
   <copyField source="title_la" dest="text"/>
   <copyField source="title_addl_la" dest="text"/>

   <!-- copy notes_index to cjk_notes_copied -->
   <copyField source="notes_index" dest="cjk_notes_copied"/>
   <copyField source="notes_index" dest="cjk_text"/>
</schema>
